fecha,cartera_total,cartera_vencida,deuda,patrimonio,intereses_cartera_total,intereses_deuda,vehiculos_mensuales_estimados,ebt
2001-01-31,191796346010.0,27880762520.0,123214182930.0,71429059960.0,4140511240.0,1468275750.0,5259.001475196592,874548580.0
2001-02-28,191624786350.0,25380455140.0,120133594040.0,72521875370.0,4058606890.0,1496355980.0,5338.161782923554,568124330.0
2001-03-31,191133412910.0,28587936490.0,117606291610.0,73698321140.0,4378792810.0,1341889870.0,5461.951593688532,2280955820.0
2001-04-30,184094037190.0,26253623020.0,113517808940.0,74662015380.0,4260487910.000002,1578365170.0,5433.358182221618,1098050350.0
2001-05-31,187007518380.0,40769485350.0,112077218790.0,76077928570.0,4228501919.999998,1379795290.0,5432.610272498127,1550269290.0
2001-06-30,200201130470.0,25001033160.0,111619448670.0,76548923530.0,4234361520.0,1398760490.0,5534.408281491061,600994960.0
2001-07-31,184957354750.0,24426157550.0,117695574340.0,72440624140.0,4403423090.0,1440767370.0,5827.447897124657,-2128918820.0
2001-08-31,193598744840.0,24079423880.0,118367691030.0,73655651480.0,4447253510.0,1454784820.0,5697.1311034130795,1349383440.0
2001-09-30,197128223030.0,25180381330.0,120531787380.0,74462706000.0,4557592420.0,1440103130.0,5625.741794670071,941410630.0
2001-10-31,203747659020.0,21105755310.0,125646181180.0,74712689380.0,4596265150.0,1478492370.0,5773.583767530205,384339470.0
2001-11-30,212472917790.0,20181212310.0,132493068820.0,75070852590.0,4651788760.0,1448961720.0,6073.742103709016,492519320.0
2001-12-31,221471179680.0,17892235970.0,145861659390.0,75529950180.0,4817995470.0,1465608180.0,7135.861745533487,621369380.0
2002-01-31,211696443420.0,27611793310.0,142925609970.0,77008287130.0,4431267790.0,1503866490.0,6768.166915369346,1984826000.0
2002-02-28,225029472450.0,31510419220.0,147707820410.0,72271624830.0,4351064900.0,1482354140.0,6870.043702872634,2101440350.0
2002-03-31,234958729430.0,36400806580.0,157512407430.0,73979711750.0,4659506660.0,1486934500.0,7029.357235228704,2377145630.0
2002-04-30,221922496790.0,33158672630.0,152701270990.0,75062924850.0,4659207540.0,1521270700.0,6992.558428002534,1351654000.0
2002-05-31,227650572000.0,34763743210.0,145958074320.0,76171401020.0,4449591400.0,1396247920.0,6991.5958920781595,1404909160.0
2002-06-30,242855183190.0,41248826140.0,145919197440.0,77334238890.0,4417459630.0,1270048810.0,7122.606678016509,1562195640.0
2002-07-31,242006446260.0,38438199850.0,143477746530.0,78700567730.0,4324869730.0,1168971000.0,7499.739303055317,1937876210.0
2002-08-31,248640246930.0,40680797510.0,143856038590.0,79811070440.0,4256819900.0,1068794400.0,7332.025752132089,1780502710.0
2002-09-30,255358334570.0,41070221000.0,153999105920.0,80602108500.0,4332286110.0,1009503450.0,7240.149992099628,1609718770.0
2002-10-31,264072455570.0,40449842750.0,154859828920.0,82473925760.0,4475980610.0,1085592740.0,7430.417888797164,2647751450.0
2002-11-30,280309620470.0,46267980070.0,163892058740.0,84235345670.0,4517072570.0,1153563540.0,7816.712079791244,2749501270.0
2002-12-31,274958156200.0,23781703790.0,190250246490.0,87065897570.0,4776403070.0,1243415560.0,9183.62613255667,3434140550.0
2003-01-31,281232788730.0,25076917490.0,189952225180.0,88551935250.0,4613996710.0,1269496810.0,7273.956613033421,2198104930.0
2003-02-28,291803269080.0,25733896430.0,196123650110.0,89968061960.0,4694048280.0,1209691970.0,7383.446721867964,2550271450.0
2003-03-31,294863716180.0,28564788700.0,197974212600.0,75578982550.0,4950141740.0,1446470790.0,7554.665862400037,2164885320.0
2003-04-30,301572656380.0,25328844240.0,218136650080.0,76744914130.0,4867048340.0,1381179280.0,7515.117055386028,2227631150.0
2003-05-31,308739062210.0,25658839440.0,220496565950.0,78600076200.0,5094456050.0,1530547240.0,7514.0825885001,2869315180.0
2003-06-30,311115397280.0,31964780180.0,195556485440.0,79924717330.0,5037033950.0,1467306370.0,7654.88389920521,2008792470.0
2003-07-31,312461273130.0,26839907620.0,226120476630.0,81740773270.0,5089880560.000004,1510678940.0,8060.199900745042,2802031470.0
2003-08-31,322559297610.0,30391306510.0,213357038270.0,83347211040.0,5085051939.999996,1558190870.0,7879.953002568957,2326860410.0
2003-09-30,326733293250.0,29666731930.0,230601474080.0,85073735630.0,5167662160.0,1576594880.0,7781.211304761831,2499687270.0
2003-10-31,334286000730.0,29040321930.0,239686520260.0,86860767770.0,5254730680.0,1654797110.0,7985.698050247994,2739524889.999999
2003-11-30,343336493490.0,31042869210.0,222874027060.0,88554488860.0,5261730380.0,1658501800.0,8400.860267772065,2501616480.000001
2003-12-31,330460068610.0,23532462090.0,249640577920.0,90240209760.0,5531336120.0,1840663010.0,9869.92473351135,3135024790.0
2004-01-31,348668429230.0,26101959000.0,230032907460.0,91429528670.0,5369136810.0,1775695220.0,8644.043303537745,1954640770.0
2004-02-29,354087171470.0,26281529950.0,245678332060.0,92956577460.0,5430222810.0,1716026330.0,8774.156430742687,2182773110.0
2004-03-31,358127814550.0,25848386940.0,250538913410.0,94878244200.0,5625798530.0,1911769000.0,8977.625566440012,2533250900.0
2004-04-30,363677171800.0,24588260640.0,254911644170.0,96628538080.0,5768537490.0,1889232370.0,8930.627540658583,2362580800.0
2004-05-31,380557369920.0,26224069890.0,272999304700.0,80602500630.0,5837836130.0,1970248120.0,8929.398226678071,1928102020.0
2004-06-30,400001713850.0,28696467750.0,288556738080.0,82305638290.0,6036275840.0,1948094750.0,9096.720179733036,2795432420.0
2004-07-31,404679396760.0,28206401210.0,284078923010.0,83835608840.0,6257924930.0,2197644570.0,9578.379509766628,2239067430.0
2004-08-31,423288102100.0,28626245280.0,306341720770.0,85617851930.0,6408856110.0,1926016830.0,9364.182192398703,3200391350.0
2004-09-30,440132818620.0,29824243050.0,323960403750.0,87234839210.0,6653424900.0,2323120100.0,9246.841994055989,2758105160.0
2004-10-31,460165859690.0,32713926540.0,327528500100.0,88424877660.0,6831180980.0,2436996140.0,9489.844857149059,2066304480.0
2004-11-30,472095744620.0,31879636960.0,335875464810.0,90597851260.0,7003275190.0,2467493750.0,9983.204987980833,3346327210.0
2004-12-31,468013239180.0,31900027240.0,364342755520.0,92591273260.0,7196830250.0,2615590140.0,11728.97521085865,3505640340.0
2005-01-31,490232177170.0,36936687590.0,350083748530.0,94258435990.0,7200069460.0,2641502920.0,10274.77070763525,2807169730.0
2005-02-28,498395773890.0,38375146420.0,374709109740.0,96319079580.0,7298970820.0,2550312380.0,10421.426989642066,3210681020.0
2005-03-31,510306093400.0,47655491290.0,395026482270.0,98807010530.0,7651335660.0,2847591050.0,10398.842861726658,3799372420.0
2005-04-30,514738186240.0,45660831080.0,382863904510.0,100543876590.0,7733888530.0,2723420040.0,11444.290703297165,2773535520.0
2005-05-31,520103967440.0,41583675450.0,392645381550.0,103346640090.0,7812289520.0,2778453320.0,10943.2712438442,4332166120.0
2005-06-30,523419968680.0,30830149470.0,405528848270.0,106391289540.0,7714958930.0,2725942660.0,10767.427213687051,4797679080.0
2005-07-31,533204731610.0,32430357880.0,389739034560.0,108552207540.0,7780876580.0,2766111340.0,11455.685149642162,3488400700.0
2005-08-31,530258047220.0,33636698250.0,403517431350.0,111055082440.0,7746880370.0,2927951830.0,11151.679917698051,3897911380.0
2005-09-30,551404243380.0,31495357020.0,427461993550.0,113390756390.0,7640452710.0,2855103510.0,11143.259162989654,3725938040.0
2005-10-31,559344951860.0,30158365710.0,423247432240.0,115244921150.0,7651338490.0,2919426710.0,11502.6006302915,3109709290.0
2005-11-30,564210139910.0,33111220840.0,427573675210.0,117051797680.0,7644926110.0,2795582790.0,11507.15781226131,2870883500.0
2005-12-31,561876935790.0,27360350770.0,445220414290.0,117755616890.0,7586220550.0,2870416480.0,14215.587607284924,1158090740.0
2006-01-31,592305655560.0,31095304270.0,453331549920.0,119163424750.0,7551916860.0,2853713620.0,13629.4320741493,2456936100.0
2006-02-28,623946217940.0,31757915780.0,484814324830.0,121254852020.0,7690492560.0,2641773120.0,13795.921882360077,3390407950.0
2006-03-31,614948738090.0,33006127620.0,485360835560.0,123779496280.0,7852431050.0,2940239400.0,14157.193788543369,3779776700.0
2006-04-30,634388172280.0,38829640110.0,475726831900.0,126126148510.0,7709011010.0,2772117830.0,14998.480038295269,3744323080.0
2006-05-31,650865157540.0,34392206630.0,507625729680.0,128322947050.0,7756470310.0,2888558120.0,14723.044985411188,3458308040.0
2006-06-30,672915116520.0,36750875260.0,524866713190.0,130689462540.0,7676064840.0,2984953920.0,14715.443604556815,3722503450.0
2006-07-31,711666612710.0,33289476250.0,546049750000.0,132276599030.0,7771687620.0,3272721480.0,15740.944600785318,2829173550.0
2006-08-31,713847507940.0,31527305200.0,566145624840.0,134587363630.0,7938395070.0,3509520540.0,15301.261060413279,3426114490.0
2006-09-30,767550059600.0,33258078280.0,586612218470.0,136215385310.0,8132587470.0,3613202150.0,15588.019243380404,2820458940.0
2006-10-31,796942138200.0,32114921410.0,628925846810.0,137910753970.0,8447121140.0,3964097280.0,15759.990064485815,3010853850.0
2006-11-30,843013446000.0,36104817640.0,670878648500.0,138804076010.0,8497268370.0,4115755460.0,16112.436655333971,1862156300.0
2006-12-31,851282667660.0,38371165430.0,700415514580.0,139451335030.0,9037428000.0,4621296580.0,19341.832002285184,1679901230.0
2007-01-31,907953884170.0,33468514080.0,737367281880.0,140126401450.0,9235955370.0,4809681540.0,17806.856671585025,1588010620.0
2007-02-28,969677832420.0,35854565100.0,810398223330.0,140574778650.0,9949004930.0,4796294160.0,17838.343422558803,1542069160.0
2007-03-31,1031461837950.0,45699673230.0,847948921900.0,142128393520.0,10675716170.0,5781327270.0,18654.83196382328,3086214630.0
2007-04-30,1061287376920.0,47813102140.0,887087238310.0,142510951470.0,11329418100.0,6050480310.0,18997.528587050012,1380065230.0
2007-05-31,1074061555470.0,48626913550.0,913030921750.0,144363716630.0,12255372550.0,6704558970.0,19173.651304082494,3459064700.0
2007-06-30,1121623179040.0,54637671420.0,935570212200.0,145024030230.0,12533790340.0,6771594130.0,19312.56238008446,2289427870.0
2007-07-31,1142499334410.0,46208280820.0,971314856120.0,147200400130.0,12944232810.0,7381637820.0,20179.556157617535,2162941800.0
2007-08-31,1160522492280.0,57231516020.0,1025541111510.0,147382119100.0,13588753990.0,8052119390.0,19654.741117503574,1458258120.0
2007-09-30,1228575558070.0,55273593050.0,1143557654110.0,148597606930.0,14168830780.0,8429422680.0,19938.08655387664,2188604790.0
2007-10-31,1243732223860.0,60982658670.0,1128316952870.0,148419633530.0,15060216680.0,9372517260.0,20267.64983666765,660097900.0
2007-11-30,1277432028620.0,63737141330.0,1142047940050.0,149297584470.0,15603750130.0,9236642230.0,21012.016757854282,2335538120.0
2007-12-31,1323307040800.0,73844350410.0,1103433509760.0,156473709020.0,16311526350.0,9974613000.0,24989.175247296243,11378544390.0
2008-01-31,1321259632470.0,72761236910.0,1099875575860.0,151629711500.0,17171268559.999998,10791219600.0,16693.99840411708,3969139020.0
2008-02-29,1350484804580.0,73170620810.0,1117529598040.0,153634897180.0,17505859060.0,10024113120.0,17236.694931562088,4077030750.0
2008-03-31,1382709615780.0,101853599920.0,1162677822600.0,154327061800.0,18163038720.0,10511455410.0,17104.868494865765,3677777950.0
2008-04-30,1383455205560.0,93625873850.0,1225517048000.0,155682520910.0,19160818330.0,12436953850.0,17904.66963130709,2893745770.0
2008-05-31,1394315043160.0,129847658860.0,1181205130340.0,156635448080.0,19404361730.0,12334219800.0,17502.334365745304,1912412370.0
2008-06-30,1385684475150.0,154104484710.0,1160743703260.0,159106120640.0,19281832150.0,11764248160.0,17533.837911500003,4529650270.0
2008-07-31,1341377511470.0,167124984640.0,1221006461680.0,159809559580.0,19409311980.0,11877607600.0,18346.274499434163,-1254819770.0
2008-08-31,1349941801730.0,180588314650.0,1177555219240.0,160365462090.0,18808595380.0,12602145560.0,17826.444123388672,1695472330.0
2008-09-30,1343994084360.0,171765573940.0,1130190523260.0,160738230260.0,18795808360.0,11941250230.0,17906.09561597677,1555117220.0
2008-10-31,1322015829270.0,168107295370.0,1066547886510.0,161072186390.0,19304606860.0,11638591720.0,18190.19454815234,1308984510.0
2008-11-30,1325243789890.0,174002232960.0,1013019212150.0,156462111820.0,19021165360.0,11643329870.0,18567.053912051575,-4803570250.0
2008-12-31,1112409772650.0,185508614380.0,979087286310.0,155344994560.0,16544348260.0,12761256860.0,22035.53356189916,-488125850.0
2009-01-31,1096410758890.0001,192623066580.0,923331481870.0,153318657890.0,15290668410.0,11793813000.0,12954.01101571725,197028550.0
2009-02-28,1067742038140.0,195439693070.0,845547047060.0,154311817420.0,14861165440.0,10050041890.0,13268.914193272518,2015516150.0
2009-03-31,1026149235840.0,176152948620.0,803202395140.0,149333944830.0,14577606720.0,9315247720.0,13340.670787553165,-6040971080.0
2009-04-30,953324791430.0,135073256840.0,787337824430.0,133488606060.0,13275711640.0,9002761610.0,13881.413986650685,-15769798740.0
2009-05-31,925233054910.0,126318715750.0,731249778430.0,133283598650.0,12034653150.0,8141890700.0,13782.939003076559,-92311810.0
2009-06-30,884509609210.0,122223790940.0,678271978990.0,131217890110.0,11194102910.0,7235377790.0,13768.831431924478,-1953013950.0
2009-07-31,858771504500.0,113527469730.0,633665158000.0,132087515890.0,10604143910.0,5879844690.0,14736.920383861629,982320370.0
2009-08-31,836282604820.0,115885982240.0,612046005730.0,133393860000.0,9885204480.0,5093194320.0,14093.578394600294,1429106780.0
2009-09-30,802815803440.0,119796828740.0,583617889300.0,135734159860.00002,9809271050.0,4471840940.0,13868.250462938882,2452994450.0
2009-10-31,800274142150.0,114357063090.0,573364906960.0,169675658870.0,9438542710.0,4457638800.0,14447.430402791437,1998648150.0
2009-11-30,791959381710.0,118317494910.0,594949411670.0,169316211590.0,8967198550.0,4148606280.0,14806.998612830024,-526967970.0
2009-12-31,738789939340.0,119906758650.0,597950174800.0,165549313070.0,9124558910.0,-3688601070.0,17645.04132478309,-3654749380.0
2010-01-31,761341590760.0,119647817370.0,577606792380.0,167179155520.0,8422619960.000001,3524651750.0,18634.73184959866,1750751600.0
2010-02-28,751511235890.0,116121616050.0,569576260500.0,170140425490.0,8457460439.999997,2930020230.0,18938.580118195016,3082178120.0
2010-03-31,732815012490.0,107711247790.0,559208427020.0,173360566290.0,8349332890.000002,3178498080.0,19361.72015684641,3346618960.0
2010-04-30,742004564700.0,102369981750.0,567434386710.0,177732883210.0,7996733170.0,3237154080.0,19833.08435434853,4499112070.0
2010-05-31,739917124880.0,101591720390.0,569859199070.0,178893298400.0,8086427500.0,3099532410.0,19951.891203071667,4691802130.0
2010-06-30,753500809070.0,111852196980.0,542603268330.0,180082498560.0,7935038780.0,2770881750.0,19949.927516746124,1731635310.0
2010-07-31,744458034240.0,100965218330.0,557688363930.0,182645160780.0,7902917410.0,3037269430.0,21181.435175507926,4290676250.0
2010-08-31,730373151650.0,94688753570.0,514931221260.0,184681875630.0,7774757900.0,2802838700.0,20440.20322534914,3351150000.0
2010-09-30,741978770140.0,88032377690.0,517866602660.0,186720944680.0,7587056610.0,2583577450.0,20299.420868061177,4040504190.0
2010-10-31,727818539350.0,88038619350.0,490505657010.0,188824343510.0,7655893730.0,2476989950.0,21063.92467004669,3359033980.0
2010-11-30,740197116140.0,83280505650.0,499315958900.0,190847881260.0,7547042240.0,2317087040.0,21930.383096763326,3701972890.0
2010-12-31,674857099710.0,77470955480.0,479644402430.0,192666440960.0,7512229460.0,2365372620.0,25873.697765465316,2788628230.0
2011-01-31,716740066820.0,74935850990.0,503120423060.0,193959632140.0,7189421120.0,2267218040.0,23124.655126264417,3241890620.0
2011-02-28,746665028020.0,77972229950.0,551482981700.0,195258315440.0,7385802130.0,2256325660.0,23407.840219920774,2889086920.0
2011-03-31,749752782180.0,74021364580.0,589122241590.0,197088595150.0,7681573070.0,2654891360.0,23908.65305978663,3501119290.0
2011-04-30,794631034690.0,69685684050.0,576831252890.0,198978740490.0,8073204910.0,2483713750.0,25298.442677963336,3614206860.0
2011-05-31,790641215180.0,64345691600.0,573824361170.0,201004910900.0,8385136590.0,2609086080.0,24625.941078477234,3855294900.0
2011-06-30,756411546640.0,68618674150.0,578204857750.0,202382317020.0,8499801260.0,2591329480.0,24893.900780926986,2778113200.0
2011-07-31,795771855050.0,66447197050.0,568427198700.0,203898795560.0,8593351690.0,2635754490.0,26496.092632040225,3121417320.0
2011-08-31,795299484540.0,61341339800.0,645649435230.0,205206278530.0,8649849690.0,3084031650.0,25657.895906666803,2862570610.0
2011-09-30,794628893670.0,52891251800.0,641625861770.0,212851245600.0,9252977320.0,3204237880.0,25232.373553412323,2966475370.0
2011-10-31,807267568260.0,53839887940.0,663505281080.0,214601295260.0,9096622210.0,3449772660.0,25631.918769580327,2314274660.0
2011-11-30,860309547320.0,51597006380.0,682342422050.0,215648276010.0,9420915890.0,3578706990.0,26961.36326009622,2715476100.0
2011-12-31,813326856970.0,56741890660.0,698062579490.0,218210550940.0,10593645620.0,4051928630.0,31910.922934864728,3654909360.0
2012-01-31,783164460170.0,51921011590.0,690802777690.0,220336022430.0,9391337170.0,3995814570.0,21968.540452595393,3917008150.0
2012-02-29,820136725760.0,48141302370.0,693011504700.0,221667130890.0,9566495630.0,4070119370.0,23146.696228322555,2507148119.9999995
2012-03-31,852358855670.0,45604309990.0,703950963680.0,223114516910.0,9903867640.0,4383986850.0,23138.880859909506,2790823670.0000005
2012-04-30,869254645270.0,42536835370.0,727440743060.0,224454941940.0,9935582350.0,4441358190.0,23606.822774213262,2852300690.0
2012-05-31,886338115700.0,40589385750.0,752452931530.0,226160708970.0,10521752510.0,4878444250.0,23459.073186061607,3206700850.0
2012-06-30,879631375860.0,42952313700.0,779199242750.0,227357051670.0,10448485620.0,4865550030.0,23992.07858382057,2476330540.0
2012-07-31,829533985170.0,43371579550.0,775220853780.0,228490120500.0,10601157130.0,5188461070.0,25068.80619964097,2172454650.0
2012-08-31,850824972840.0,44676861470.0,774639630510.0,229540234560.0,10501500480.0,4364899830.0,23682.331672617478,2482283890.0
2012-09-30,865361943880.0,44284217770.0,794960191810.0,230121965340.0,9666712420.0,4900691780.0,23662.005271967762,1104178600.0
2012-10-31,813534375710.0,43487553140.0,779640122810.0,231026399320.0,10233781990.0,5015098700.0,23784.36580028816,1767378810.0
2012-11-30,838985719530.0,44794729300.0,773530057270.0,231851509350.0,10098528440.0,4754723320.0,25390.49583299751,1997181860.0
2012-12-31,821902358150.0,48597832360.0,766139824630.0,232244547010.0,10192218840.0,4905574430.0,29929.903137565227,850189210.0
2013-01-31,764847710350.0,48870784700.0,756969088750.0,232550452000.0,9754109890.0,4700537650.0,21456.868269006696,1343040090.0
2013-02-28,760669328850.0,48688927380.0,707801099760.0,233075973190.0,9411054710.0,4326524460.0,22082.65342590572,1307193290.0
2013-03-31,803120148470.0,52599723760.0,694594797650.0,233467644240.0,9815495970.0,4219229800.0,22065.61033925906,1409959160.0
2013-04-30,778734093190.0,50641902010.0,670832718620.0,233869196270.0,9898946820.0,3567701740.0,23517.12928614735,1372166130.0
2013-05-31,789577540180.0,50122369220.0,693245987640.0,234674698200.0,9592542840.0,3622867010.0,23020.348039213048,1549739030.0
2013-06-30,815108850860.0,57071825340.0,722516001410.0,236284235490.0,9866606460.0,3432191130.0,23336.435768396634,1586437560.0
2013-07-31,793240819880.0,56656021830.0,713494367390.0,235991308010.0,9436562629.999992,3601581410.0,24757.526360499716,3227499470.0
2013-08-31,795519505770.0,53924691300.0,687454514590.0,236826632490.0,9456816350.000008,3454545210.0,23536.477273908004,1264062590.0
2013-09-30,821951141720.0,55178740040.0,666949592400.0,237523985820.0,9433550560.0,3269766270.0,23014.744542660294,1615286450.0
2013-10-31,820069322540.0,55588074000.0,679035678880.0,238444859000.0,9705061290.0,3292268730.0,23649.735787180878,1590757560.0
2013-11-30,854320583360.0,57258423630.0,683651046630.0,239555468950.0,9661058870.0,3125006760.0,25330.240456414194,2148966390.0
2013-12-31,837590011900.0,63455614480.0,707642583390.0,240682394970.0,9977392350.0,3382805630.0,29461.230451408406,1797758450.0
2014-01-31,834467814420.0,64665477400.0,718283746380.0,241543382560.0,9880755120.0,3415736540.0,23792.76339975911,1820641020.0
2014-02-28,844997419600.0,66590883670.0,728596586480.0,242416942260.0,9709069020.0,3181118080.0,24807.679278506872,1874873130.0
2014-03-31,880065814180.0,65977122590.0,730475067000.0,242992262080.0,10057761680.0,3483189990.0,24931.303459427934,1541159250.0
2014-04-30,899352806160.0,66090725130.0,700712798990.0,243764451540.0,10040880340.0,3283186350.0,26029.57605602933,1514731890.0
2014-05-31,909844771300.0,63249889540.0,703437725780.0,244968844460.0,10239981250.0,3509638400.0,25655.040568339162,2299735020.0
2014-06-30,922129247290.0,70567737910.0,707264738500.0,245190620620.0,10246665640.0,3112372530.0,25676.73271676628,1268833270.0
2014-07-31,921699096060.0,63814004970.0,707851345850.0,245423302390.0,10641268530.0,3478016090.0,27383.26765158715,980295880.0
2014-08-31,954314795020.0,63697320170.0,719626733880.0,246763693080.0,10763625270.0,3526025360.0,26130.751569305066,1632140190.0
2014-09-30,992180904280.0,63027000110.0,751466407210.0,248242329530.0,11177862770.0,3562922500.0,25746.59925160758,2303235620.0
2014-10-31,1013032759660.0,63560594000.0,782047974060.0,249551089600.0,11566778420.0,3973441520.0,26568.403774083086,2139838140.0
2014-11-30,1066370859570.0,65634933510.0,813559138620.0,250167929250.0,11824976430.0,3930241390.0,27963.972401140938,1254705630.0
2014-12-31,1082007977980.0,67800151520.0,921370318380.0,210531884000.0,12501933010.0,4680345920.0,32688.909873447494,1906631960.0
2015-01-31,1022686913030.0,68832606380.0,899567856760.0,210198661700.0,12261479470.0,4940994950.0,21045.072605261237,1372405400.0
2015-02-28,1099746452100.0,71930617950.0,899901123920.0,218649949090.0,12624979150.0,4584031490.0,21609.79216559742,2368977900.0
2015-03-31,1120311473060.0,71879253020.0,895276170640.0,219628167520.0,13111333840.0,4939788340.0,21944.979875790305,1448925720.0
2015-04-30,1166913028990.0,73030704260.0,936848996310.0,220275742880.0,13224678190.0,4868865670.0,22440.48792690523,708452080.0
2015-05-31,1172381529190.0,75407413750.0,1039576610010.0,220950581440.0,13610531170.0,5283353600.0,22383.123658536777,1219241660.0
2015-06-30,1169783410640.0,92211945580.0,1055800782100.0,221259684570.0,13713305790.0,5547816840.0,22644.192055027837,895059870.0
2015-07-31,1219831768870.0,89872188150.0,1029108864450.0,222210819640.0,13946761710.0,5639030600.0,24020.44789184851,1744541320.0
2015-08-31,1229818065020.0,94579020930.0,1027471261790.0,222766956840.0,14723956680.0,5607910920.0,22991.799603559615,895342870.0
2015-09-30,1261734965950.0,92405682210.0,1055407212920.0,223032833710.0,13915169820.0,5453776500.0,22508.81257057562,915177230.0
2015-10-31,1273185011950.0,94040013310.0,1093611685460.0,223489649960.0,14727939200.000015,6026764870.0,23247.320715248246,718171670.0
2015-11-30,1330874718550.0,93989319620.0,1120639541230.0,223855511870.0,14453124959.999985,5909195180.0,24460.825009389926,933539750.0
2015-12-31,1356517097410.0,79945057060.0,1169951391810.0,224383247230.0,15854751220.0,6588458360.0,28819.14592225928,992009070.0
2016-01-31,1324332598529.0,83894142962.0,1141472418305.0,224935866661.0,15326315028.0,6868725705.0,19070.23282279743,1072047336.0
2016-02-29,1345871494125.0,84920659739.0,1187164838162.0,225437126494.0,14832856028.0,6796132537.0,19779.664300184893,933444755.0
2016-03-31,1342561697140.0,86136418159.0,1181686680134.0,226100569402.0,17823480039.0,8051607621.0,19605.957369281157,1235461654.0
2016-04-30,1345377086506.0,82916994617.0,1217890124454.0,226463102030.0,16640154646.0,8192220473.0,20302.25778949414,632146447.0
2016-05-31,1331466885448.0,85103589615.0,1227807609712.0,227017122543.0,17918607750.0,8720584343.0,19808.00037090236,1031695551.0
2016-06-30,1329460796899.0,87943038799.0,1186934518428.0,227549607507.0,17104585359.0,8618298320.0,20293.831217197818,986144481.0
2016-07-31,1285324765260.0,87534473819.0,1203110665212.0,227993945194.0,17688528394.0,9423612146.0,21022.628360541516,709970135.0
2016-08-31,1256342989715.0,87914278716.0,1162494236413.0,228485027587.0,17483191242.0,9380989883.0,20754.75677839862,1037414331.0
2016-09-30,1267875218024.0,88424992344.0,1099080339986.0,228785363556.0,16724936692.0,8708429499.0,20279.200520445902,553183178.0
2016-10-31,1295264589398.0,91161608440.0,1106885537610.0,229092263883.0,17571578260.0,8791376773.0,20473.51784794201,577610670.0
2016-11-30,1364156973618.0,88891804179.0,1133213938672.0,229458087114.0,17480313738.0,8536845690.0,21981.52818978327,1169854995.0
2016-12-31,1407741293050.0,90774768605.0,1215784373657.0,230407760123.0,19136786504.0,9375774490.0,26129.424433030897,2108634151.0
2017-01-31,1346876966583.0,102116428125.0,1153913264796.0,230875342106.0,18227714961.0,10055821596.0,17672.211947468943,935163966.0
2017-02-28,1344372363146.0,93718719624.0,1186822434772.0,231172639186.0,16377514796.0,8678452289.0,18260.43785679345,523757001.0
2017-03-31,1490504586368.0,91219998256.0,1229723905894.0,231598492309.0,19255675143.0,9337332741.0,18722.13413816718,922543406.0
2017-04-30,1434058975173.0,95333228140.0,1307635644875.0,231904754921.0,18951068915.0,9395635898.0,19069.188133348267,362797402.0
2017-05-31,1442350324213.0,93181551374.0,1292501076092.0,232205118036.0,18769214978.0,9715210651.0,18685.00418761737,573096138.0
2017-06-30,1489430779353.0,120355403017.0,1287759623490.0,232676506858.0,18434957704.0,8991273257.0,19313.672134034656,873160622.0
2017-07-31,1446870541640.0,108594877498.0,1307712061360.0,233090074596.0,18553524161.0,8991768319.0,20479.565002627027,820343548.0
2017-08-31,1455098500053.0,104670627342.0,1324286281774.0,233493516961.0,18402784274.0,8972514276.0,19715.363363813358,820122116.0
2017-09-30,1547563212414.0,103957882511.0,1344064211411.0,233898686403.0,18460851908.0,8586444449.0,19107.463326018376,850399789.0
2017-10-31,1524681728382.0,106449798488.0,1328180341231.0,234315845144.0,18943899079.0,8507154523.0,18985.082660102176,798204568.0
2017-11-30,1521241375513.0,110228064442.0,1314334374541.0,234717566339.0,18623709397.0,8518665238.0,20568.860142021724,971011867.0
2017-12-31,1576308643322.0,123803800760.0,1375817011319.0,235196949826.0,19011516467.0,8414905210.0,24162.01710798749,1330744818.0
2018-01-31,1539029943653.0,132619938667.0,1345046347743.0,235343158402.0,19187944684.0,8485888969.0,19363.439170449477,469171620.0
2018-02-28,1580081706999.0,129220920488.0,1354593491702.0,235650790894.0,18910490112.0,7662641969.0,19804.862990937043,486576044.0
2018-03-31,1613629808302.0,131607923171.0,1459777769704.0,236071389143.0,19604811805.0,8447255637.0,20350.439052150137,718365844.0
2018-04-30,1620899685154.0,133959623958.0,1457667481167.0,236536251827.0,19807997277.0,8134691562.0,20549.216294392667,615789891.0
2018-05-31,1619448957904.0,135035724340.0,1627720252121.0,237120627270.0,19802328515.0,8745711376.0,20254.064472091784,1006754329.0
2018-06-30,1659591090044.0,132960468002.0,1575745418876.0,237530794675.0,19670773143.0,8765391023.0,20835.426848332256,799804075.0
2018-07-31,1694413852460.0,138750935607.0,1386754058389.0,237977876354.0,20435913855.0,7944223977.0,21789.578305471816,535549239.0
2018-08-31,1750871822338.0,136997591009.0,1422646254605.0,238662590771.0,20265181676.0,7397309964.0,21089.613708755187,905676960.0
2018-09-30,1821177373738.0,141937175517.0,1409842800270.0,239191566842.0,20313205673.0,7414227010.0,20423.90517037779,1210508068.0
2018-10-31,1812619056087.0,142685121142.0,1323040206333.0,239690745684.0,20861905623.0,7004802428.0,20544.289512966505,1320901821.0
2018-11-30,1815735726039.0,148855762167.0,1309322608736.0,240366448381.0,20921775591.0,6597759002.0,22195.156636329237,831092809.0
2018-12-31,1846413024760.0,138419239464.0,1356456686137.0,241674705854.0,21543101547.0,6703239627.0,25606.00783774608,2005786162.0
2019-01-31,1785139131696.0,136349335808.0,1310627399358.0,242361035178.0,21150802207.0,6729574587.0,19514.846645434205,1500485886.0
2019-02-28,1777938696042.0,137849721373.0,1290734183467.0,243112037674.0,20885435053.0,5996335682.0,19841.90767457865,1553185301.0
2019-03-31,1807712349854.0,140789437727.0,1349195877143.0,243701511763.0,20883364856.0,6513601239.0,20517.91824748017,1410604103.0
2019-04-30,1767779127289.0,142842785619.0,1277302352418.0,244277467351.0,20766377320.0,6407551849.0,20773.416688135934,564838531.0
2019-05-31,1770192314933.0,141231129189.0,1059012157366.0,244858024827.0,21515460843.0,5692313302.0,20666.614861741626,697332838.0
2019-06-30,1813023689131.0,137896405814.0,1053053269742.0,245198014974.0,20332063641.0,5102352349.0,21294.27527892608,564398162.0
2019-07-31,1829610219134.0,138377863787.0,1046510907071.0,245498774388.0,22382383763.0,5005464814.0,22478.63989647676,-790268536.0
2019-08-31,1831047523804.0,142078439458.0,1064284130423.0,245913877818.0,22712440448.0,5079431065.0,21988.63819754615,1723514519.0
2019-09-30,1841397198817.0,136816674990.0,1083415323173.0,246675089673.0,23014556751.0,4926147134.0,20974.804130341046,1293195105.0
2019-10-31,1863355568481.0,132195058286.0,1089224394018.0,248626389614.0,22877376796.0,5087073756.0,21126.402817338036,4516995027.0
2019-11-30,1913779842444.0,134640362006.0,1127035682244.0,252109375729.0,22272101851.0,4998958583.0,22654.3432409026,913118213.0
2019-12-31,1956176297826.0,136605316740.0,1230345657446.0,255312853318.0,29700379616.0,5511094331.0,26407.192321098715,6348439292.0
2020-01-31,1871780398327.0,132948756295.0,1099841843603.0,256206243809.0,22842245411.0,5380903305.0,17234.5349201697,1412784953.0
2020-02-29,1880405902601.0,129178302641.0,1088635267209.0,257874649164.0,22668099860.0,4919697101.0,18209.406499398952,2707435154.0
2020-03-31,1932364867028.0,143043980297.0,1295305145982.0,257964828981.0,25056610210.0,5650400183.0,15739.616867323104,156493945.0
2020-04-30,1905886132849.0,127626190172.0,1279494163859.0,257937384320.0,22185308552.0,5937171306.0,10435.364052256871,-814189534.0
2020-05-31,1893146016031.0,127891464261.0,1354983443530.0,258091660984.0,21834837038.0,5957081337.0,11760.54570860388,272698062.0
2020-06-30,1901547763608.0,127136391235.0,1308959772183.0,258207068409.0,21517058474.0,5384949337.0,12919.857030124655,1592207032.0
2020-07-31,1840516174966.0,139236614209.0,1285158309143.0,258500476504.0,20782742975.0,5026688653.0,14090.593836424741,541763471.0
2020-08-31,1806110029925.0,166682201545.0,1221798864236.0,255458624230.0,21378093083.0,5322991431.0,13904.229263577188,-4004138257.0
2020-09-30,1811571921591.0,161942304733.0,1232463278357.0,255813568591.0,22004771792.0,4340852675.0,15371.915468520476,597629018.0
2020-10-31,1810619330434.0,151104189673.0,1209406587073.0,256476449751.0,21128759261.0,4231189130.0,16475.3883745339,1370010597.0
2020-11-30,1897651051224.0,145246673049.0,1289048235672.0,258153212014.0,21274832399.0,4107066248.0,18308.270375280168,2690060585.0
2020-12-31,1977380849184.0,143710007777.0,1422237098530.0,260228407121.0,20581648265.0,4460038512.0,20431.277603786377,3652016075.0
2021-01-31,1903468555082.0,151425001106.0,1415533715991.0,261316900468.0,21939964600.0,4503020629.0,17039.588869682404,1812103609.0
2021-02-28,1883744631025.0,150100669112.0,1324349095242.0,262396715901.0,21971801818.0,3847316132.0,18113.421192529444,1892689482.0
2021-03-31,1896952950982.0,154944196203.0,1328780655998.0,263489493887.0,22506820898.0,3919529437.0,20295.46336200126,1878050423.0
2021-04-30,1889497083293.0,179745242973.0,1352653102112.0,263790624437.0,22513939141.0,3794219293.0,17243.966603244477,640392149.0
2021-05-31,1862636503648.0,183763715629.0,1330484450383.0,264178967366.0,22262274446.0,3895820604.0,17226.989943578752,533194773.0
2021-06-30,1828070015705.0,188622996138.0,1385076813620.0,264332828479.0,22123993528.0,3774089237.0,19575.106447156468,305881499.0
2021-07-31,1788685785387.0,182222624901.0,1369426889478.0,264759007758.0,22108480478.0,4027141095.0,20852.80220923399,871835093.0
2021-08-31,1765254836181.0,170100806221.0,1399722485804.0,266096788133.0,21927744686.0,3969810732.0,20767.45526199128,2173808753.0
2021-09-30,1756080380410.0,160795030655.0,1387210573988.0,267659119132.0,21743113522.0,3998786547.0,20879.974821196396,2446210917.0
2021-10-31,1745777984171.0,154350368704.0,1421624069841.0,270287789106.0,21851298914.0,4346970298.0,22223.320912244864,4080025695.0
2021-11-30,1799143296913.0,153846398668.0,1367510387774.0,273521761515.0,21673696764.0,4422610188.0,23534.3760330923,5068843879.0
2021-12-31,1751624354017.0,153669975151.0,1382877706087.0,278963309129.0,21958728768.0,4756548841.0,27099.534344048367,8360727122.0
2022-01-31,1732589027689.0,153564368236.0,1351696855121.0,280981440963.0,21776797778.0,5208655651.0,19790.01531372284,3311817483.0
2022-02-28,1782766407895.0,149988040024.0,1364067831364.0,283124545130.0,22035328128.0,5102434768.0,18440.410519148933,3685956406.0
2022-03-31,1831087274785.0,146375015948.0,1398571343008.0,285632984058.0,23202488203.0,6559025278.0,21265.5064018497,4149563567.0
2022-04-30,1830469704564.0,145612006116.0,1552262646294.0,288452352715.0,23548852323.0,7893374815.0,19931.01349839266,3230997675.0
2022-05-31,1892072288926.0,147096254285.0,1566462039316.0,290211465151.0,24001268095.0,9408247642.0,20858.525168222677,3551421931.0
2022-06-30,1862617454514.0,143023178475.0,1599062011819.0,293558238795.0,24368312757.0,9757653195.0,21297.655928885095,5165929374.0
2022-07-31,1949486334368.0,140859393790.0,1660046383978.0,295863399533.0,25916042716.0,11390751705.0,21860.727884072934,3690281149.0
2022-08-31,2002286132517.0,144686658352.0,1728243526434.0,298332132808.0,27008008312.0,13092960840.0,21677.57807046812,4144093993.0
2022-09-30,2081728233383.0,149367053065.0,1740676943227.0,299216354681.0,27788383238.0,14098402092.0,21394.60103236311,1503778695.0
2022-10-31,2184876253293.0,152574749059.0,1843342940093.0,299739857456.0,29810522420.0,16572656552.0,21737.323599882908,907283839.0
2022-11-30,2269936772155.0,166196390851.0,2113394809568.0,299858075006.0,31422950218.0,19882431418.0,21476.198383515853,109899040.0
2022-12-31,2361557044295.0,168946679376.0,2080058310656.0,298593016586.0,33574794996.0,22667712333.0,25792.44419947516,-2226053377.0
2023-01-31,2355907513244.0,176738670415.0,2107069760796.0,297323107386.0,34659094707.0,24543523203.0,14532.875556154166,-1671643312.2341247
2023-02-28,2355522987719.0,184282341501.0,2132133496799.0,295840953928.0,35359791744.0,23389589356.0,14095.380419798305,-1951030763.2784941
2023-03-31,2285461569403.0,191226201870.0,2067185304242.0,293339191783.0,36836681304.0,25693241061.0,15102.808236785557,-3293191323.040851
2023-04-30,2243286963840.0,201329251125.0,2074037704313.0,290554699044.0,35481565059.0,24489726924.0,14453.787472895172,-3665363370.1636543
2023-05-31,2196669287773.0,208289801671.0,2006975310275.0,287560736552.0,35728476071.0,25075405718.0,14751.089651518507,-3941098605.185012
2023-06-30,2149110429839.0,216381122200.0,1997373776098.0,281457297508.0,35045155712.0,24002367098.0,14819.637406805314,-8034253991.9635515
2023-07-31,2122753846312.0,209422500095.0,1937486187124.0,276201692181.0,35011856030.0,24325354542.0,15163.152500385964,-6918209188.988937
2023-08-31,2133657165938.0,210848155861.0,1916343184992.0,272834879277.0,34809814242.0,24077667654.0,15354.450750655244,-4431899756.7031975
2023-09-30,2168075819952.0,203369586302.0,1932156678015.0,270743619705.0,35430449006.0,23393180312.0,14780.763906437858,-2752826798.7029295
2023-10-31,2149589811136.0,230914473957.0,1944283677513.0,263474189942.0,35541256017.0,24129908456.0,14980.344871760308,-9569104347.834198
2023-11-30,2189106998919.0,239989463747.0,2009894083625.0,262296938478.0,35784942039.0,23821721249.0,15903.252243715606,-1549673422.8033252
2023-12-31,2195597574202.0,241910056265.0,2065846183193.0,258392499881.0,36592509290.0,25257177958.0,18675.456983087995,-5139602633.561391
2024-01-31,2126316325177.0,252970318746.0,2006607347191.0,255616473788.0,36020034840.0,24978483257.0,15517.048739702514,-3654218311.790226
2024-02-29,2064668619008.0,242634167585.0,1956594039827.0,253880355840.0,35340615572.0,22554508654.0,15242.362465034179,-2285336587.075542
2024-03-31,2071754072573.0,243570990295.0,1965395044123.0,251416832643.0,34978019405.0,23028263658.0,15878.337854494077,-3242855533.9221735
2024-04-30,2077390577562.0,244863591284.0,2053548572846.0,247699345927.0,35013720312.0,22506343353.0,15537.85973248842,-4893508769.855828
2024-05-31,1978578869012.0,227922829337.0,2046805620678.0,243529717983.0,34648594582.0,23555415024.0,15854.602613208015,-5488684283.169319
2024-06-30,1979209511116.0,232058944516.0,1976005678982.0,235565767020.0,33373653329.0,22078671506.0,15984.96150927093,-10483336419.847551
2024-07-31,1929543621427.0,236747828628.0,1994546279718.0,230467280636.0,33595072758.0,22131393434.0,16322.790583905347,-6711385874.14781
2024-08-31,1936936751800.0,232284192860.0,1957306910314.0,227017772982.0,32251769523.0,21458986557.0,16957.227306325603,-4540754882.561309
2024-09-30,1967731041240.0,225585253572.0,2011454977004.0,223281264420.0,31514251170.0,20593500901.0,16009.317417535822,-4918548151.92523
2024-10-31,1964323516994.0,221220346629.0,2000478758539.0,220695960002.0,32504767377.0,21397450263.0,16873.351841252825,-3403162084.6900206
2024-11-30,1944340703680.0,215054728529.0,1941362847438.0,218712281348.0,31385127933.0,18865908636.0,18008.892360123824,-2611212798.1911545
2024-12-31,1940569573178.0,240256997787.0,1971626599243.0,214882351884.0,31855692568.0,18961246687.0,20861.247576658458,-5041522633.920619
2025-01-31,1899304224536.0,233270368500.0,1944312737409.0,213658233175.0,31195924455.0,18702401518.0,19710.67228261219,-1611367059.3775687
2025-02-28,1869483510132.0,225598875561.0,1914776991572.0,213403427785.0,30519801103.0,16873202451.0,18499.712204920033,-335412741.4107307
2025-03-31,1845963354406.0,216106632366.0,1872882130074.0,213510743262.0,30831142410.0,17984836247.0,20167.024763266076,191787804.40161014
2025-04-30,1869603287337.0,208425375881.0,1865103798176.0,214195514926.0,30428233097.0,17023118099.0,19631.008709985763,1223782977.3146057
2025-05-31,1865399853583.0,202522500043.0,1883161707346.0,214997441876.0,30710422461.0,17638312665.0,20450.394402522757,1433155900.0663044
2025-06-30,1894235964303.0,194288914177.0,1915987112629.0,216165748602.0,30715823570.0,17038360696.0,20220.245003267944,2087927930.9094768
2025-07-31,1828159502044.0,192152466044.0,1875844088099.0,216746161420.0,30634221148.0,17490305122.0,21023.191938468684,1007340795.0
2025-08-31,1814038574269.0,188254944466.0,1820041200681.0,217109111279.0,29576438407.0,17794067030.0,21618.167068723204,650877954.0
2025-09-30,1867572577844.0,185108451742.0,1892317443258.0,218521514893.0,30265033248.0,15314324772.0,20331.62770337766,2465692867.0
2025-10-31,1889662179041.0,179065547419.0,1880468932599.0,220667232814.0,30710061148.0,17022131356.0,21272.419057251125,3651221857.0
2025-11-30,1923785248398.0,169472834307.0,1916337546069.0,222844279934.0,30484148026.0,16217393148.0,22457.966735153168,3745596827.0
2025-12-31,1938739437023.0,179353803514.0,1945762174207.0,224534781297.0,31809509005.0,16942021830.0,25753.570130451404,3508844158.0
2026-01-31,1941301234972.0,179890463824.0,1939567791479.0,225653157915.0,31510902978.0,16986134139.0,34935.811086743604,2018199894.0
2026-02-28,1934469751432.0,170822114455.0,1951842062297.0,226485986119.0,31456230663.0,16054230810.0,33222.45399242005,3598247911.0
2026-03-31,1895983779682.0,167387498075.0,1901040609759.0,228156098138.0,32407700556.0,17629998439.0,36606.315758100674,6041215201.0
2026-04-30,1910586218971.0,172033652409.0,1914151229637.0,229589294776.0,32198029915.0,17292282099.0,34961.53079100231,3005960173.0
2026-05-31,1937478332797.0,170419125302.0,1932763813606.84,231444837148.28,33313900752.070007,18327070821.380005,36590.36184023734,3248316301.2800007
2026-06-30,1982997739851.0,182739355331.0,1974053386419.25,232977241243.52,33902446815.44998,18500783902.5,35889.52653149603,2618840505.24
